metric,value
MAE,1.6628571428571428
RMSE,4.3788452489538505
MAPE(ignore gt=0),0.07033312200212347
N_images,700.0
GT_total,18605.0
Pred_total,18635.0
