metric,value
MAE,1.6757142857142857
RMSE,4.571183029119955
MAPE(ignore gt=0),0.07311495261637252
N_images,700.0
GT_total,18605.0
Pred_total,18876.0
