metric,value
MAE,1.667142857142857
RMSE,4.367575332574618
MAPE(ignore gt=0),0.07016821322021811
N_images,700.0
GT_total,18605.0
Pred_total,18602.0
