metric,value
MAE,1.6642857142857144
RMSE,4.379660782689519
MAPE(ignore gt=0),0.07046323624877907
N_images,700.0
GT_total,18605.0
Pred_total,18632.0
