metric,value
MAE,1.6614285714285715
RMSE,4.363648538944053
MAPE(ignore gt=0),0.06998568388267914
N_images,700.0
GT_total,18605.0
Pred_total,18608.0
