metric,value
MAE,1.6657142857142857
RMSE,4.366757541766136
MAPE(ignore gt=0),0.0700380989735625
N_images,700.0
GT_total,18605.0
Pred_total,18605.0
