metric,value
MAE,1.6585714285714286
RMSE,4.375744834555925
MAPE(ignore gt=0),0.07028070691124012
N_images,700.0
GT_total,18605.0
Pred_total,18638.0
