metric,value
MAE,3.642857142857143
RMSE,12.186526517897894
MAPE(ignore gt=0),0.13514235373681138
N_images,700.0
GT_total,18605.0
Pred_total,17223.0
