metric,value
MAE,1.9185714285714286
RMSE,5.708765190476834
MAPE(ignore gt=0),0.0797159589863568
N_images,700.0
GT_total,18605.0
Pred_total,19466.0
